Workbook

Sheet Sheet2
B3: Column Labels
B4: A1808 | D4: A1809 | F4: A1810 | H4: A1811 | J4: A1835 | L4: A1838 | N4: A1841 | P4: A1862 | R4: A1863 | T4: A1864 | V4: A1868 | X4: A1870 | Z4: A2027 | AB4: A2028 | AD4: A2037 | AF4: A2056 | AH4: A2064 | AJ4: A2075 | AL4: A2088 | AN4: A2269 | AP4: A2282 | AR4: A2406 | AT4: A2408 | AV4: A2409 | AX4: A2410 | AZ4: A2411 | BB4: A2412 | BD4: A2413 | BF4: A2414 | BH4: A2415 | BJ4: A2416 | BL4: A2417 | BN4: A2418 | BP4: A2419 | BR4: A2420 | BT4: A2549 | BV4: A2550 | BX4: A2552 | BZ4: A2554 | CB4: A2560 | CD4: A2561 | CF4: A2563 | CH4: A2564 | CJ4: A2565 | CL4: A2567 | CN4: A2568 | CP4: A2569 | CR4: A2570 | CT4: A2571 | CV4: A2572 | CX4: (blank)
A5: Row Labels | B5: Sum of Stocking b4 thin | C5: Sum of Stocking b4 thin2 | D5: Sum of Stocking b4 thin | E5: Sum of Stocking b4 thin2 | F5: Sum of Stocking b4 thin | G5: Sum of Stocking b4 thin2 | H5: Sum of Stocking b4 thin | I5: Sum of Stocking b4 thin2 | J5: Sum of Stocking b4 thin | K5: Sum of Stocking b4 thin2 | L5: Sum of Stocking b4 thin | M5: Sum of Stocking b4 thin2 | N5: Sum of Stocking b4 thin | O5: Sum of Stocking b4 thin2 | P5: Sum of Stocking b4 thin | Q5: Sum of Stocking b4 thin2 | R5: Sum of Stocking b4 thin | S5: Sum of Stocking b4 thin2 | T5: Sum of Stocking b4 thin | U5: Sum of Stocking b4 thin2 | V5: Sum of Stocking b4 thin | W5: Sum of Stocking b4 thin2 | X5: Sum of Stocking b4 thin | Y5: Sum of Stocking b4 thin2 | Z5: Sum of Stocking b4 thin | AA5: Sum of Stocking b4 thin2 | AB5: Sum of Stocking b4 thin | AC5: Sum of Stocking b4 thin2 | AD5: Sum of Stocking b4 thin | AE5: Sum of Stocking b4 thin2 | AF5: Sum of Stocking b4 thin | AG5: Sum of Stocking b4 thin2 | AH5: Sum of Stocking b4 thin | AI5: Sum of Stocking b4 thin2 | AJ5: Sum of Stocking b4 thin | AK5: Sum of Stocking b4 thin2 | AL5: Sum of Stocking b4 thin | AM5: Sum of Stocking b4 thin2 | AN5: Sum of Stocking b4 thin | AO5: Sum of Stocking b4 thin2 | AP5: Sum of Stocking b4 thin | AQ5: Sum of Stocking b4 thin2 | AR5: Sum of Stocking b4 thin | AS5: Sum of Stocking b4 thin2 | AT5: Sum of Stocking b4 thin | AU5: Sum of Stocking b4 thin2 | AV5: Sum of Stocking b4 thin | AW5: Sum of Stocking b4 thin2 | AX5: Sum of Stocking b4 thin | AY5: Sum of Stocking b4 thin2 | AZ5: Sum of Stocking b4 thin | BA5: Sum of Stocking b4 thin2 | BB5: Sum of Stocking b4 thin | BC5: Sum of Stocking b4 thin2 | BD5: Sum of Stocking b4 thin | BE5: Sum of Stocking b4 thin2 | BF5: Sum of Stocking b4 thin | BG5: Sum of Stocking b4 thin2 | BH5: Sum of Stocking b4 thin | BI5: Sum of Stocking b4 thin2 | BJ5: Sum of Stocking b4 thin | BK5: Sum of Stocking b4 thin2 | BL5: Sum of Stocking b4 thin | BM5: Sum of Stocking b4 thin2 | BN5: Sum of Stocking b4 thin | BO5: Sum of Stocking b4 thin2 | BP5: Sum of Stocking b4 thin | BQ5: Sum of Stocking b4 thin2 | BR5: Sum of Stocking b4 thin | BS5: Sum of Stocking b4 thin2 | BT5: Sum of Stocking b4 thin | BU5: Sum of Stocking b4 thin2 | BV5: Sum of Stocking b4 thin | BW5: Sum of Stocking b4 thin2 | BX5: Sum of Stocking b4 thin | BY5: Sum of Stocking b4 thin2 | BZ5: Sum of Stocking b4 thin | CA5: Sum of Stocking b4 thin2 | CB5: Sum of Stocking b4 thin | CC5: Sum of Stocking b4 thin2 | CD5: Sum of Stocking b4 thin | CE5: Sum of Stocking b4 thin2 | CF5: Sum of Stocking b4 thin | CG5: Sum of Stocking b4 thin2 | CH5: Sum of Stocking b4 thin | CI5: Sum of Stocking b4 thin2 | CJ5: Sum of Stocking b4 thin | CK5: Sum of Stocking b4 thin2 | CL5: Sum of Stocking b4 thin | CM5: Sum of Stocking b4 thin2 | CN5: Sum of Stocking b4 thin | CO5: Sum of Stocking b4 thin2 | CP5: Sum of Stocking b4 thin | CQ5: Sum of Stocking b4 thin2 | CR5: Sum of Stocking b4 thin | CS5: Sum of Stocking b4 thin2 | CT5: Sum of Stocking b4 thin | CU5: Sum of Stocking b4 thin2 | CV5: Sum of Stocking b4 thin | CW5: Sum of Stocking b4 thin2 | CX5: Sum of Stocking b4 thin | CY5: Sum of Stocking b4 thin2
A6: 0 | B6: 310 | C6: 310 | D6: 925 | E6: 925 | F6: 1400 | G6: 1400 | H6: 1050 | I6: 1050 | J6: 675 | K6: 675 | L6: 925 | M6: 925 | N6: 650 | O6: 650 | P6: 240 | Q6: 240 | R6: 600 | S6: 600 | T6: 250 | U6: 250 | V6: 260 | W6: 260 | X6: 230 | Y6: 230 | Z6: 873 | AA6: 873 | AB6: 541 | AC6: 541 | AD6: 835 | AE6: 835 | AF6: 469 | AG6: 469 | AH6: 340 | AI6: 340 | AJ6: 320 | AK6: 320 | AL6: 330 | AM6: 330 | AN6: 583 | AO6: 583 | AP6: 600 | AQ6: 600 | AR6: 222 | AS6: 222 | AT6: 211 | AU6: 211 | AV6: 233 | AW6: 233 | AX6: 233 | AY6: 233 | AZ6: 211 | BA6: 211 | BB6: 222 | BC6: 222 | BD6: 233 | BE6: 233 | BF6: 233 | BG6: 233 | BH6: 233 | BI6: 233 | BJ6: 233 | BK6: 233 | BL6: 233 | BM6: 233 | BN6: 222 | BO6: 222 | BP6: 233 | BQ6: 233 | BR6: 233 | BS6: 233 | BT6: 340 | BU6: 340 | BV6: 250 | BW6: 250 | BX6: 200 | BY6: 200 | BZ6: 310 | CA6: 310 | CB6: 270 | CC6: 270 | CD6: 240 | CE6: 240 | CF6: 280 | CG6: 280 | CH6: 340 | CI6: 340 | CJ6: 250 | CK6: 250 | CL6: 220 | CM6: 220 | CN6: 220 | CO6: 220 | CP6: 270 | CQ6: 270 | CR6: 270 | CS6: 270 | CT6: 270 | CU6: 270 | CV6: 260 | CW6: 260
A7: 1 | B7: 310 | C7: 310 | D7: 925 | E7: 925 | F7: 1400 | G7: 1400 | H7: 1050 | I7: 1050 | J7: 675 | K7: 675 | L7: 925 | M7: 925 | N7: 650 | O7: 650 | P7: 240 | Q7: 240 | R7: 600 | S7: 600 | T7: 250 | U7: 250 | V7: 260 | W7: 260 | X7: 230 | Y7: 230 | Z7: 873 | AA7: 873 | AB7: 541 | AC7: 541 | AD7: 835 | AE7: 835 | AF7: 465.8 | AG7: 469 | AH7: 340 | AI7: 340 | AJ7: 319.4 | AK7: 320 | AL7: 330 | AM7: 330 | AN7: 583 | AO7: 583 | AP7: 600 | AQ7: 600 | AR7: 222 | AS7: 222 | AT7: 211 | AU7: 211 | AV7: 233 | AW7: 233 | AX7: 233 | AY7: 233 | AZ7: 211 | BA7: 211 | BB7: 222 | BC7: 222 | BD7: 233 | BE7: 233 | BF7: 233 | BG7: 233 | BH7: 233 | BI7: 233 | BJ7: 233 | BK7: 233 | BL7: 233 | BM7: 233 | BN7: 222 | BO7: 222 | BP7: 233 | BQ7: 233 | BR7: 233 | BS7: 233 | BT7: 339.5 | BU7: 340 | BV7: 249.5 | BW7: 250 | BX7: 200 | BY7: 200 | BZ7: 310 | CA7: 310 | CB7: 269.4 | CC7: 270 | CD7: 240 | CE7: 240 | CF7: 280 | CG7: 280 | CH7: 339.6 | CI7: 340 | CJ7: 250 | CK7: 250 | CL7: 219.6 | CM7: 220 | CN7: 220 | CO7: 220 | CP7: 270 | CQ7: 270 | CR7: 268.6 | CS7: 270 | CT7: 270 | CU7: 270 | CV7: 259.6 | CW7: 260
A8: 2 | B8: 310 | C8: 310 | D8: 925 | E8: 925 | F8: 1400 | G8: 1400 | H8: 1050 | I8: 1050 | J8: 674.9 | K8: 675 | L8: 924.9 | M8: 925 | N8: 649.9 | O8: 650 | P8: 240 | Q8: 240 | R8: 600 | S8: 600 | T8: 250 | U8: 250 | V8: 260 | W8: 260 | X8: 230 | Y8: 230 | Z8: 873 | AA8: 873 | AB8: 540.9 | AC8: 541 | AD8: 834.8 | AE8: 835 | AF8: 462.6 | AG8: 469 | AH8: 340 | AI8: 340 | AJ8: 318.8 | AK8: 320 | AL8: 330 | AM8: 330 | AN8: 583 | AO8: 583 | AP8: 599.9 | AQ8: 600 | AR8: 222 | AS8: 222 | AT8: 211 | AU8: 211 | AV8: 233 | AW8: 233 | AX8: 233 | AY8: 233 | AZ8: 211 | BA8: 211 | BB8: 222 | BC8: 222 | BD8: 233 | BE8: 233 | BF8: 233 | BG8: 233 | BH8: 233 | BI8: 233 | BJ8: 233 | BK8: 233 | BL8: 233 | BM8: 233 | BN8: 222 | BO8: 222 | BP8: 233 | BQ8: 233 | BR8: 233 | BS8: 233 | BT8: 339.1 | BU8: 340 | BV8: 249 | BW8: 250 | BX8: 200 | BY8: 200 | BZ8: 310 | CA8: 310 | CB8: 268.9 | CC8: 270 | CD8: 240 | CE8: 240 | CF8: 280 | CG8: 280 | CH8: 339.2 | CI8: 340 | CJ8: 250 | CK8: 250 | CL8: 219.2 | CM8: 220 | CN8: 220 | CO8: 220 | CP8: 270 | CQ8: 270 | CR8: 267.3 | CS8: 270 | CT8: 270 | CU8: 270 | CV8: 259.2 | CW8: 260
A9: 3 | B9: 310 | C9: 310 | D9: 924.8 | E9: 925 | F9: 1399.6 | G9: 1400 | H9: 1049.5 | I9: 1049.5 | J9: 674.6 | K9: 674.7 | L9: 924.4 | M9: 924.6 | N9: 649.6 | O9: 649.7 | P9: 240 | Q9: 239.9 | R9: 600 | S9: 599.7 | T9: 250 | U9: 249.9 | V9: 260 | W9: 259.9 | X9: 230 | Y9: 229.9 | Z9: 872.6 | AA9: 873 | AB9: 540.7 | AC9: 540.8 | AD9: 834.4 | AE9: 834.6 | AF9: 459.5 | AG9: 468.8 | AH9: 340 | AI9: 339.8 | AJ9: 318.2 | AK9: 319.9 | AL9: 330 | AM9: 329.8 | AN9: 582.7 | AO9: 582.7 | AP9: 599.6 | AQ9: 599.7 | AR9: 222 | AS9: 221.9 | AT9: 211 | AU9: 210.9 | AV9: 233 | AW9: 232.9 | AX9: 233 | AY9: 232.9 | AZ9: 211 | BA9: 210.9 | BB9: 222 | BC9: 221.9 | BD9: 233 | BE9: 232.9 | BF9: 233 | BG9: 232.9 | BH9: 233 | BI9: 232.9 | BJ9: 233 | BK9: 232.9 | BL9: 233 | BM9: 232.9 | BN9: 222 | BO9: 221.9 | BP9: 233 | BQ9: 232.9 | BR9: 233 | BS9: 232.9 | BT9: 338.6 | BU9: 339.8 | BV9: 248.6 | BW9: 249.9 | BX9: 200 | BY9: 199.9 | BZ9: 310 | CA9: 309.9 | CB9: 268.4 | CC9: 269.9 | CD9: 240 | CE9: 239.9 | CF9: 280 | CG9: 279.9 | CH9: 338.8 | CI9: 339.8 | CJ9: 250 | CK9: 249.9 | CL9: 218.8 | CM9: 219.9 | CN9: 220 | CO9: 219.9 | CP9: 270 | CQ9: 269.9 | CR9: 265.9 | CS9: 269.9 | CT9: 270 | CU9: 269.9 | CV9: 258.7 | CW9: 259.9
A10: 4 | B10: 310 | C10: 309.9 | D10: 924.4 | E10: 924.6 | F10: 1399 | G10: 1399.4 | H10: 1049 | I10: 1049 | J10: 674.3 | K10: 674.4 | L10: 924 | M10: 924.2 | N10: 649.3 | O10: 649.4 | P10: 240 | Q10: 239.8 | R10: 600 | S10: 599.4 | T10: 250 | U10: 249.8 | V10: 260 | W10: 259.8 | X10: 230 | Y10: 229.8 | Z10: 872.2 | AA10: 872.6 | AB10: 540.4 | AC10: 540.5 | AD10: 834 | AE10: 834.2 | AF10: 456.3 | AG10: 468.6 | AH10: 340 | AI10: 339.7 | AJ10: 317.6 | AK10: 319.7 | AL10: 330 | AM10: 329.7 | AN10: 582.5 | AO10: 582.5 | AP10: 599.4 | AQ10: 599.4 | AR10: 222 | AS10: 221.8 | AT10: 211 | AU10: 210.8 | AV10: 233 | AW10: 232.8 | AX10: 233 | AY10: 232.8 | AZ10: 211 | BA10: 210.8 | BB10: 222 | BC10: 221.8 | BD10: 233 | BE10: 232.8 | BF10: 233 | BG10: 232.8 | BH10: 233 | BI10: 232.8 | BJ10: 233 | BK10: 232.8 | BL10: 233 | BM10: 232.8 | BN10: 222 | BO10: 221.8 | BP10: 233 | BQ10: 232.8 | BR10: 233 | BS10: 232.8 | BT10: 338.1 | BU10: 339.7 | BV10: 248.1 | BW10: 249.8 | BX10: 200 | BY10: 199.8 | BZ10: 310 | CA10: 309.7 | CB10: 267.8 | CC10: 269.8 | CD10: 240 | CE10: 239.8 | CF10: 280 | CG10: 279.7 | CH10: 338.5 | CI10: 339.7 | CJ10: 250 | CK10: 249.8 | CL10: 218.4 | CM10: 219.8 | CN10: 220 | CO10: 219.8 | CP10: 270 | CQ10: 269.8 | CR10: 264.6 | CS10: 269.8 | CT10: 270 | CU10: 269.8 | CV10: 258.3 | CW10: 259.8
A11: 5 | B11: 310 | C11: 309.7 | D11: 924 | E11: 924.2 | F11: 1398.3 | G11: 1398.7 | H11: 1048.5 | I11: 1048.6 | J11: 674 | K11: 674.1 | L11: 923.6 | M11: 923.7 | N11: 649 | O11: 649.1 | P11: 240 | Q11: 239.7 | R11: 600 | S11: 599.2 | T11: 250 | U11: 249.7 | V11: 260 | W11: 259.6 | X11: 230 | Y11: 229.7 | Z11: 871.8 | AA11: 872.2 | AB11: 540.2 | AC11: 540.3 | AD11: 833.6 | AE11: 833.8 | AF11: 453.2 | AG11: 468.4 | AH11: 340 | AI11: 339.5 | AJ11: 317 | AK11: 319.6 | AL11: 330 | AM11: 329.5 | AN11: 582.2 | AO11: 582.2 | AP11: 599.1 | AQ11: 599.2 | AR11: 222 | AS11: 221.7 | AT11: 211 | AU11: 210.7 | AV11: 233 | AW11: 232.7 | AX11: 233 | AY11: 232.7 | AZ11: 211 | BA11: 210.7 | BB11: 222 | BC11: 221.7 | BD11: 233 | BE11: 232.7 | BF11: 233 | BG11: 232.7 | BH11: 233 | BI11: 232.7 | BJ11: 233 | BK11: 232.7 | BL11: 233 | BM11: 232.7 | BN11: 222 | BO11: 221.7 | BP11: 233 | BQ11: 232.7 | BR11: 233 | BS11: 232.7 | BT11: 337.6 | BU11: 339.5 | BV11: 247.6 | BW11: 249.7 | BX11: 200 | BY11: 199.7 | BZ11: 310 | CA11: 309.6 | CB11: 267.3 | CC11: 269.6 | CD11: 240 | CE11: 239.7 | CF11: 280 | CG11: 279.6 | CH11: 338.1 | CI11: 339.5 | CJ11: 250 | CK11: 249.7 | CL11: 218 | CM11: 219.7 | CN11: 220 | CO11: 219.7 | CP11: 270 | CQ11: 269.6 | CR11: 263.2 | CS11: 269.6 | CT11: 270 | CU11: 269.6 | CV11: 257.9 | CW11: 259.6
A12: 6 | B12: 310 | C12: 309.6 | D12: 923.5 | E12: 923.7 | F12: 1397.7 | G12: 1398.1 | H12: 1048 | I12: 1048.1 | J12: 673.7 | K12: 673.8 | L12: 923.1 | M12: 923.3 | N12: 648.7 | O12: 648.8 | P12: 240 | Q12: 239.6 | R12: 600 | S12: 598.9 | T12: 250 | U12: 249.5 | V12: 260 | W12: 259.5 | X12: 230 | Y12: 229.6 | Z12: 871.4 | AA12: 871.8 | AB12: 539.9 | AC12: 540 | AD12: 833.1 | AE12: 833.4 | AF12: 450.1 | AG12: 468.1 | AH12: 340 | AI12: 339.4 | AJ12: 316.5 | AK12: 319.4 | AL12: 330 | AM12: 329.4 | AN12: 581.9 | AO12: 581.9 | AP12: 598.8 | AQ12: 598.9 | AR12: 222 | AS12: 221.6 | AT12: 211 | AU12: 210.6 | AV12: 233 | AW12: 232.6 | AX12: 233 | AY12: 232.6 | AZ12: 211 | BA12: 210.6 | BB12: 222 | BC12: 221.6 | BD12: 233 | BE12: 232.6 | BF12: 233 | BG12: 232.6 | BH12: 233 | BI12: 232.6 | BJ12: 233 | BK12: 232.6 | BL12: 233 | BM12: 232.6 | BN12: 222 | BO12: 221.6 | BP12: 233 | BQ12: 232.6 | BR12: 233 | BS12: 232.6 | BT12: 337.2 | BU12: 339.4 | BV12: 247.2 | BW12: 249.5 | BX12: 200 | BY12: 199.6 | BZ12: 310 | CA12: 309.4 | CB12: 266.7 | CC12: 269.5 | CD12: 240 | CE12: 239.6 | CF12: 280 | CG12: 279.5 | CH12: 337.7 | CI12: 339.4 | CJ12: 250 | CK12: 249.5 | CL12: 217.6 | CM12: 219.6 | CN12: 220 | CO12: 219.6 | CP12: 270 | CQ12: 269.5 | CR12: 261.9 | CS12: 269.5 | CT12: 270 | CU12: 269.5 | CV12: 257.5 | CW12: 259.5
A13: 7 | B13: 310 | C13: 309.4 | D13: 549.7 | E13: 550 | F13: 824.6 | G13: 825 | H13: 675 | I13: 675 | J13: 673.4 | K13: 673.4 | L13: 922.6 | M13: 922.8 | N13: 648.4 | O13: 648.5 | P13: 240 | Q13: 239.4 | R13: 600 | S13: 598.6 | T13: 250 | U13: 249.4 | V13: 260 | W13: 259.4 | X13: 230 | Y13: 229.5 | Z13: 871 | AA13: 871.4 | AB13: 539.7 | AC13: 539.8 | AD13: 832.3 | AE13: 832.9 | AF13: 447.1 | AG13: 467.9 | AH13: 340 | AI13: 339.2 | AJ13: 315.9 | AK13: 319.3 | AL13: 330 | AM13: 329.2 | AN13: 581.6 | AO13: 581.7 | AP13: 598.5 | AQ13: 598.6 | AR13: 222 | AS13: 221.5 | AT13: 211 | AU13: 210.5 | AV13: 233 | AW13: 232.5 | AX13: 233 | AY13: 232.5 | AZ13: 211 | BA13: 210.5 | BB13: 222 | BC13: 221.5 | BD13: 233 | BE13: 232.5 | BF13: 233 | BG13: 232.5 | BH13: 233 | BI13: 232.5 | BJ13: 233 | BK13: 232.5 | BL13: 233 | BM13: 232.5 | BN13: 222 | BO13: 221.5 | BP13: 233 | BQ13: 232.5 | BR13: 233 | BS13: 232.5 | BT13: 336.7 | BU13: 339.2 | BV13: 246.7 | BW13: 249.4 | BX13: 200 | BY13: 199.5 | BZ13: 310 | CA13: 309.3 | CB13: 266.2 | CC13: 269.4 | CD13: 240 | CE13: 239.4 | CF13: 280 | CG13: 279.4 | CH13: 337.3 | CI13: 339.2 | CJ13: 250 | CK13: 249.4 | CL13: 217.2 | CM13: 219.5 | CN13: 220 | CO13: 219.5 | CP13: 270 | CQ13: 269.4 | CR13: 260.6 | CS13: 269.4 | CT13: 270 | CU13: 269.4 | CV13: 257.1 | CW13: 259.4
A14: 8 | B14: 310 | C14: 309.3 | D14: 549.5 | E14: 549.7 | F14: 824.2 | G14: 824.6 | H14: 675 | I14: 674.7 | J14: 673 | K14: 673.1 | L14: 921.9 | M14: 922.2 | N14: 648 | O14: 648.2 | P14: 240 | Q14: 239.3 | R14: 600 | S14: 598.3 | T14: 250 | U14: 249.3 | V14: 260 | W14: 259.3 | X14: 230 | Y14: 229.4 | Z14: 870.6 | AA14: 871 | AB14: 539.4 | AC14: 539.5 | AD14: 830.9 | AE14: 831.9 | AF14: 444 | AG14: 467.7 | AH14: 340 | AI14: 339 | AJ14: 315.3 | AK14: 319.1 | AL14: 330 | AM14: 329.1 | AN14: 366.8 | AO14: 581.4 | AP14: 383 | AQ14: 598.3 | AR14: 222 | AS14: 221.4 | AT14: 211 | AU14: 210.4 | AV14: 233 | AW14: 232.4 | AX14: 233 | AY14: 232.4 | AZ14: 211 | BA14: 210.4 | BB14: 222 | BC14: 221.4 | BD14: 233 | BE14: 232.4 | BF14: 233 | BG14: 232.4 | BH14: 233 | BI14: 232.4 | BJ14: 233 | BK14: 232.4 | BL14: 233 | BM14: 232.4 | BN14: 222 | BO14: 221.4 | BP14: 233 | BQ14: 232.4 | BR14: 233 | BS14: 232.4 | BT14: 336.2 | BU14: 339.1 | BV14: 246.2 | BW14: 249.3 | BX14: 200 | BY14: 199.4 | BZ14: 310 | CA14: 309.1 | CB14: 265.6 | CC14: 269.2 | CD14: 240 | CE14: 239.3 | CF14: 280 | CG14: 279.2 | CH14: 336.9 | CI14: 339 | CJ14: 250 | CK14: 249.3 | CL14: 216.8 | CM14: 219.4 | CN14: 220 | CO14: 219.4 | CP14: 270 | CQ14: 269.2 | CR14: 259.3 | CS14: 269.2 | CT14: 270 | CU14: 269.3 | CV14: 256.7 | CW14: 259.3
A15: 9 | B15: 310 | C15: 309.1 | D15: 549.2 | E15: 549.5 | F15: 823.8 | G15: 824.2 | H15: 675 | I15: 674.3 | J15: 672.5 | K15: 672.7 | L15: 920.7 | M15: 921.3 | N15: 647.6 | O15: 647.8 | P15: 240 | Q15: 239.2 | R15: 600 | S15: 598 | T15: 250 | U15: 249.2 | V15: 260 | W15: 259.2 | X15: 230 | Y15: 229.3 | Z15: 870.1 | AA15: 870.5 | AB15: 539.1 | AC15: 539.2 | AD15: 828.4 | AE15: 830.2 | AF15: 441 | AG15: 467.4 | AH15: 340 | AI15: 338.8 | AJ15: 314.7 | AK15: 318.9 | AL15: 330 | AM15: 328.9 | AN15: 366.7 | AO15: 367 | AP15: 383 | AQ15: 383 | AR15: 222 | AS15: 221.3 | AT15: 211 | AU15: 210.3 | AV15: 233 | AW15: 232.3 | AX15: 233 | AY15: 232.2 | AZ15: 211 | BA15: 210.3 | BB15: 222 | BC15: 221.3 | BD15: 233 | BE15: 232.2 | BF15: 233 | BG15: 232.2 | BH15: 233 | BI15: 232.3 | BJ15: 233 | BK15: 232.3 | BL15: 233 | BM15: 232.3 | BN15: 222 | BO15: 221.3 | BP15: 233 | BQ15: 232.3 | BR15: 233 | BS15: 232.2 | BT15: 335.8 | BU15: 338.9 | BV15: 245.7 | BW15: 249.2 | BX15: 200 | BY15: 199.4 | BZ15: 310 | CA15: 309 | CB15: 265.1 | CC15: 269.1 | CD15: 240 | CE15: 239.2 | CF15: 280 | CG15: 279.1 | CH15: 336.5 | CI15: 338.9 | CJ15: 250 | CK15: 249.2 | CL15: 216.4 | CM15: 219.3 | CN15: 220 | CO15: 219.3 | CP15: 270 | CQ15: 269.1 | CR15: 257.9 | CS15: 269.1 | CT15: 270 | CU15: 269.1 | CV15: 256.2 | CW15: 259.2
A16: 10 | B16: 310 | C16: 309 | D16: 250 | E16: 549.2 | F16: 823.4 | G16: 823.8 | H16: 674.7 | I16: 673.9 | J16: 293.9 | K16: 300 | L16: 918.7 | M16: 919.6 | N16: 646.9 | O16: 647.2 | P16: 240 | Q16: 239.1 | R16: 600 | S16: 597.7 | T16: 250 | U16: 249.1 | V16: 260 | W16: 259 | X16: 230 | Y16: 229.2 | Z16: 869.4 | AA16: 870 | AB16: 538.8 | AC16: 538.9 | AD16: 824.9 | AE16: 827.5 | AF16: 438 | AG16: 467.1 | AH16: 340 | AI16: 338.6 | AJ16: 314.1 | AK16: 318.8 | AL16: 330 | AM16: 328.8 | AN16: 366.5 | AO16: 366.8 | AP16: 383 | AQ16: 382.8 | AR16: 222 | AS16: 221.2 | AT16: 211 | AU16: 210.2 | AV16: 233 | AW16: 232.1 | AX16: 233 | AY16: 232.1 | AZ16: 211 | BA16: 210.2 | BB16: 222 | BC16: 221.2 | BD16: 233 | BE16: 232.1 | BF16: 233 | BG16: 232.1 | BH16: 233 | BI16: 232.1 | BJ16: 233 | BK16: 232.1 | BL16: 233 | BM16: 232.1 | BN16: 222 | BO16: 221.2 | BP16: 233 | BQ16: 232.1 | BR16: 233 | BS16: 232.1 | BT16: 335.3 | BU16: 338.7 | BV16: 245.3 | BW16: 249.1 | BX16: 200 | BY16: 199.3 | BZ16: 310 | CA16: 308.8 | CB16: 264.5 | CC16: 268.9 | CD16: 240 | CE16: 239.1 | CF16: 280 | CG16: 278.9 | CH16: 336.1 | CI16: 338.6 | CJ16: 250 | CK16: 249 | CL16: 216 | CM16: 219.2 | CN16: 220 | CO16: 219.2 | CP16: 270 | CQ16: 268.9 | CR16: 256.6 | CS16: 268.9 | CT16: 270 | CU16: 269 | CV16: 255.8 | CW16: 259
A17: 11 | B17: 310 | C17: 308.9 | D17: 250 | E17: 250 | F17: 822.9 | G17: 823.4 | H17: 673.8 | I17: 673.2 | J17: 287.9 | K17: 299.8 | L17: 270 | M17: 916.9 | N17: 645.9 | O17: 646.3 | P17: 240 | Q17: 239 | R17: 600 | S17: 597.2 | T17: 250 | U17: 249 | V17: 260 | W17: 258.9 | X17: 230 | Y17: 229 | Z17: 868.4 | AA17: 869.3 | AB17: 538.3 | AC17: 538.6 | AD17: 820.1 | AE17: 823.4 | AF17: 435 | AG17: 466.7 | AH17: 340 | AI17: 338.3 | AJ17: 313.5 | AK17: 318.5 | AL17: 330 | AM17: 328.6 | AN17: 200 | AO17: 200 | AP17: 382.7 | AQ17: 382.5 | AR17: 222 | AS17: 221.1 | AT17: 211 | AU17: 210.1 | AV17: 233 | AW17: 232 | AX17: 233 | AY17: 232 | AZ17: 211 | BA17: 210.1 | BB17: 222 | BC17: 221.1 | BD17: 233 | BE17: 232 | BF17: 233 | BG17: 232 | BH17: 233 | BI17: 232 | BJ17: 233 | BK17: 232 | BL17: 233 | BM17: 232 | BN17: 222 | BO17: 221.1 | BP17: 233 | BQ17: 232 | BR17: 233 | BS17: 232 | BT17: 334.8 | BU17: 338.5 | BV17: 244.8 | BW17: 248.9 | BX17: 200 | BY17: 199.2 | BZ17: 310 | CA17: 308.6 | CB17: 264 | CC17: 268.7 | CD17: 240 | CE17: 238.9 | CF17: 280 | CG17: 278.7 | CH17: 335.8 | CI17: 338.3 | CJ17: 250 | CK17: 248.9 | CL17: 215.6 | CM17: 219 | CN17: 220 | CO17: 219 | CP17: 270 | CQ17: 268.6 | CR17: 255.3 | CS17: 268.7 | CT17: 270 | CU17: 268.8 | CV17: 255.4 | CW17: 258.9
... A34: 28 | B34: 308 | C34: 302.7 | D34: 247.2 | E34: 245.8 | F34: 337.3 | G34: 332.5 | H34: 568.8 | I34: 575.2 | J34: 226.4 | K34: 224.2 | L34: 268.2 | M34: 260.1 | N34: 248.5 | O34: 242.6 | P34: 236.8 | Q34: 232.4 | R34: 567.1 | S34: 527.7 | T34: 247.6 | U34: 243 | V34: 257.1 | W34: 251.6 | X34: 227.9 | Y34: 223.8 | Z34: 298.9 | AA34: 291.1 | AB34: 298.3 | AC34: 296.1 | AD34: 224.7 | AE34: 219.2 | AF34: 383.9 | AG34: 395.8 | AH34: 321.7 | AI34: 314.6 | AJ34: 297.5 | AK34: 302.9 | AL34: 315.7 | AM34: 313.7 | AN34: 200 | AO34: 196.6 | AP34: 356.7 | AQ34: 357.5 | AR34: 217.2 | AS34: 215.7 | AT34: 206.7 | AU34: 205.3 | AV34: 227.5 | AW34: 225.9 | AX34: 227.7 | AY34: 226.1 | AZ34: 206.9 | BA34: 205.5 | BB34: 217.6 | BC34: 216.2 | BD34: 227.1 | BE34: 225.3 | BF34: 227.6 | BG34: 226 | BH34: 227.9 | BI34: 226.4 | BJ34: 227.9 | BK34: 226.4 | BL34: 227.5 | BM34: 226 | BN34: 217.2 | BO34: 215.5 | BP34: 227.6 | BQ34: 226 | BR34: 227.7 | BS34: 226.1 | BT34: 320.3 | BU34: 322.5 | BV34: 235.8 | BW34: 233.3 | BX34: 198.2 | BY34: 194.5 | BZ34: 306.9 | CA34: 293.7 | CB34: 253.1 | CC34: 258.7 | CD34: 236.4 | CE34: 231.7 | CF34: 277.3 | CG34: 268.7 | CH34: 326.7 | CI34: 319.7 | CJ34: 245.1 | CK34: 241.6 | CL34: 208.7 | CM34: 205.8 | CN34: 216.8 | CO34: 212 | CP34: 264.4 | CQ34: 255.5 | CR34: 236 | CS34: 231.3 | CT34: 264.8 | CU34: 258.2 | CV34: 247.3 | CW34: 251.9
A35: (blank)

Sheet yield_tables_VBA
A1: Plot | B1: Index age | C1: Age | D1: Stocking b4 thin | E1: Stocking aft thin | F1: MTH | G1: Crown Lth | H1: Volume b4 thin | I1: Volume aft thin | J1: BA b4 thin | K1: BA aft thin | L1: DBH b4 thin | M1: DBH aft thin | N1: Mean Height | O1: Stocking aft thin | P1: MTH | Q1: Crown Lth | R1: Volume b4 thin | S1: Volume aft thin | T1: BA b4 thin | U1: BA aft thin | V1: DBH b4 thin | W1: DBH aft thin | X1: Mean Height | Y1: Event
A2: LowUC | B2: 25.4 | C2: 0 | D2: 310 | F2: 0.25 | H2: 0.001984 | J2: 0 | L2: 0 | N2: 0.24007082 | P2: 0.3 | Q2: 0 | R2: 0 | T2: 0 | V2: 0 | X2: 0.2
C3: 1 | D3: 310 | F3: 0.57418873 | H3: 0.007952462 | J3: 0 | L3: 0 | N3: 0.55138383 | P3: 0.6 | Q3: 0 | R3: 0 | T3: 0 | V3: 0 | X3: 0.6
C4: 2 | D4: 310 | F4: 1.2320062 | H4: 0.040767177 | J4: 0 | L4: 0 | N4: 1.183075 | P4: 1.2 | Q4: 0 | R4: 0 | T4: 0 | V4: 0 | X4: 1.2
C5: 3 | D5: 310 | F5: 2.0837734 | H5: 0.11788569 | J5: 0.011703426 | L5: 0.69324997 | N5: 2.0010128 | P5: 2.1 | Q5: 0 | R5: 0 | T5: 0.01 | V5: 0.5 | X5: 2
C6: 4 | D6: 310 | F6: 3.0602596 | H6: 0.25399783 | J6: 0.098818719 | L6: 2.0144336 | N6: 2.9387161 | P6: 3.1 | Q6: 0 | R6: 0.2 | T6: 0.07 | V6: 1.6 | X6: 3
C7: 5 | D7: 310 | F7: 4.1159482 | H7: 0.7175278 | J7: 0.28470976 | L7: 3.4192789 | N7: 3.9524762 | P7: 4.1 | Q7: 0 | R7: 0.6 | T7: 0.23 | V7: 3.1 | X7: 4
C8: 6 | D8: 310 | F8: 5.2184243 | H8: 1.5751608 | J8: 0.58516501 | L8: 4.9019912 | N8: 5.0111655 | P8: 5.2 | Q8: 0 | R8: 1.4 | T8: 0.53 | V8: 4.6 | X8: 5
C9: 7 | D9: 310 | F9: 6.343767 | H9: 3.0952376 | J9: 1.0508319 | L9: 6.5690108 | N9: 6.0918133 | P9: 6.4 | Q9: 0 | R9: 2.8 | T9: 0.97 | V9: 6.3 | X9: 6.1
C10: 8 | D10: 310 | F10: 7.4740265 | H10: 5.482142 | J10: 1.6940025 | L10: 8.3404672 | N10: 7.1771826 | P10: 7.5 | Q10: 0 | R10: 4.9 | T10: 1.58 | V10: 8.1 | X10: 7.2
C11: 9 | D11: 310 | F11: 8.5956528 | H11: 8.8431077 | J11: 2.4953757 | L11: 10.122816 | N11: 8.2542615 | P11: 8.6 | Q11: 0 | R11: 8 | T11: 2.34 | V11: 9.8 | X11: 8.3 | Y11: M
C12: 10 | D12: 310 | F12: 9.6984335 | H12: 13.284635 | J12: 3.4438736 | L12: 11.892056 | N12: 9.3132433 | P12: 9.7 | Q12: 0 | R12: 12.2 | T12: 3.24 | V12: 11.6 | X12: 9.3
C13: 11 | D13: 310 | F13: 10.774737 | H13: 18.867609 | J13: 4.5238399 | L13: 13.629721 | N13: 10.3468 | P13: 10.8 | Q13: 0 | R13: 17.4 | T13: 4.29 | V13: 13.3 | X13: 10.4 | Y13: M
C14: 12 | D14: 310 | F14: 11.818953 | H14: 25.607902 | J14: 5.716911 | L14: 15.321951 | N14: 11.349543 | P14: 11.9 | Q14: 0 | R14: 23.8 | T14: 5.45 | V14: 15 | X14: 11.4 | Y14: M
C15: 13 | D15: 310 | F15: 12.827064 | H15: 33.478897 | J15: 7.0031656 | L15: 16.958231 | N15: 12.317615 | P15: 12.9 | Q15: 0 | R15: 31.4 | T15: 6.71 | V15: 16.6 | X15: 12.4
C16: 14 | D16: 310 | F16: 13.796317 | H16: 42.420033 | J16: 8.3627942 | L16: 18.531435 | N16: 13.248372 | P16: 13.8 | Q16: 0 | R16: 40 | T16: 8.06 | V16: 18.2 | X16: 13.3 | Y16: M
C17: 15 | D17: 310 | F17: 14.724959 | H17: 52.343521 | J17: 9.776743 | L17: 20.036896 | N17: 14.140132 | P17: 14.8 | Q17: 0 | R17: 49.7 | T17: 9.47 | V17: 19.8 | X17: 14.2
C18: 16 | D18: 310 | F18: 15.612037 | H18: 63.145276 | J18: 11.227876 | L18: 21.472478 | N18: 14.991977 | P18: 15.6 | Q18: 0 | R18: 60.3 | T18: 10.93 | V18: 21.3 | X18: 15 | Y18: M
C19: 17 | D19: 310 | F19: 16.457222 | H19: 74.714083 | J19: 12.701546 | L19: 22.838188 | N19: 15.803595 | P19: 16.5 | Q19: 0 | R19: 71.7 | T19: 12.43 | V19: 22.7 | X19: 15.8
C20: 18 | D20: 310 | F20: 17.260685 | H20: 86.93488 | J20: 14.185132 | L20: 24.135152 | N20: 16.575147 | P20: 17.3 | Q20: 0 | R20: 83.9 | T20: 13.94 | V20: 24 | X20: 16.6 | Y20: M
C21: 19 | D21: 310 | F21: 18.022981 | H21: 99.697689 | J21: 15.668672 | L21: 25.365852 | N21: 17.307167 | P21: 18 | Q21: 0 | R21: 96.7 | T21: 15.47 | V21: 25.3 | X21: 17.3
C22: 20 | D22: 310 | F22: 18.744965 | H22: 112.83084 | J22: 17.133953 | L22: 26.525412 | N22: 18.000476 | P22: 18.8 | Q22: 0 | R22: 110 | T22: 16.99 | V22: 26.5 | X22: 18
C23: 21 | D23: 310 | F23: 19.427715 | H23: 126.4736 | J23: 18.610393 | L23: 27.644652 | N23: 18.65611 | P23: 19.4 | Q23: 0 | R23: 123.8 | T23: 18.52 | V23: 27.7 | X23: 18.7 | Y23: M
C24: 22 | D24: 310 | F24: 20.072481 | H24: 140.60392 | J24: 20.10041 | L24: 28.730012 | N24: 19.275267 | P24: 20.1 | Q24: 0 | R24: 138.2 | T24: 20.07 | V24: 28.9 | X24: 19.3
C25: 23 | D25: 310 | F25: 20.680631 | H25: 155.15951 | J25: 21.600261 | L25: 29.782617 | N25: 19.859264 | P25: 20.7 | Q25: 0 | R25: 153.1 | T25: 21.64 | V25: 30 | X25: 19.9
C26: 24 | D26: 310 | F26: 21.253615 | H26: 170.08045 | J26: 23.106595 | L26: 30.80359 | N26: 20.40949 | P26: 21.3 | Q26: 0 | R26: 168.3 | T26: 23.22 | V26: 31.1 | X26: 20.4
C27: 25 | D27: 310 | F27: 21.792933 | H27: 185.30974 | J27: 24.616434 | L27: 31.794055 | N27: 20.927389 | P27: 21.8 | Q27: 0 | R27: 184 | T27: 24.81 | V27: 32.2 | X27: 20.9
C28: 26 | D28: 309.58208 | F28: 22.300113 | H28: 200.60663 | J28: 26.102791 | L28: 32.761952 | N28: 21.415552 | P28: 22.3 | Q28: 0 | R28: 200 | T28: 26.41 | V28: 33.2 | X28: 21.4
C29: 27 | D29: 308.82776 | F29: 22.776684 | H29: 215.92709 | J29: 27.565498 | L29: 33.708463 | N29: 21.875302 | P29: 22.8 | Q29: 0 | R29: 216.2 | T29: 28 | V29: 34.3 | X29: 21.9
C30: 28 | D30: 307.99876 | F30: 23.224167 | H30: 231.3309 | J30: 29.016913 | L30: 34.631023 | N30: 22.307417 | P30: 23.2 | Q30: 0 | R30: 232.6 | T30: 29.59 | V30: 35.3 | X30: 22.3
A31: HighUC | B31: 25.4 | C31: 0 | D31: 1000 | F31: 0.25 | H31: 0.0064 | J31: 0 | L31: 0 | N31: 0.23298249 | P31: 0.3 | Q31: 0 | R31: 0 | T31: 0 | V31: 0 | X31: 0.2
C32: 1 | D32: 1000 | F32: 0.57418873 | H32: 0.033737581 | J32: 0 | L32: 0 | N32: 0.53510367 | P32: 0.5 | Q32: 0 | R32: 0 | T32: 0 | V32: 0 | X32: 0.5
C33: 2 | D33: 1000 | F33: 1.2320062 | H33: 0.18404012 | J33: 0 | L33: 0 | N33: 1.1481435 | P33: 1.1 | Q33: 0 | R33: 0 | T33: 0 | V33: 0 | X33: 1
C34: 3 | D34: 1000 | F34: 2.0837734 | H34: 0.53726913 | J34: 0.016695527 | L34: 0.46101416 | N34: 1.9419309 | P34: 1.9 | Q34: 0 | R34: 0 | T34: 0.01 | V34: 0.3 | X34: 1.7
C35: 4 | D35: 1000 | F35: 3.0602596 | H35: 1.1607089 | J35: 0.23358204 | L35: 1.7243838 | N35: 2.8519476 | P35: 2.7 | Q35: 0 | R35: 0.5 | T35: 0.17 | V35: 1.5 | X35: 2.6
C36: 5 | D36: 1000 | F36: 4.1159482 | H36: 2.1149266 | J36: 0.83918734 | L36: 3.2684637 | N36: 3.8357754 | P36: 3.7 | Q36: 0 | R36: 1.7 | T36: 0.71 | V36: 3.1 | X36: 3.5
C37: 6 | D37: 1000 | F37: 5.2184243 | H37: 3.3094597 | J37: 1.2294491 | L37: 3.9561202 | N37: 4.8632059 | O37: 550 | P37: 4.7 | Q37: 0 | R37: 4.3 | S37: 4.3 | T37: 1.73 | U37: 1.73 | V37: 4.9 | W37: 4.9 | X37: 4.4 | Y37: TW
C38: 7 | D38: 1000 | F38: 6.343767 | H38: 3.6213568 | J38: 1.2294491 | L38: 3.9561202 | N38: 5.9119465 | P38: 5.7 | Q38: 0 | R38: 5.5 | T38: 2.04 | V38: 6.9 | X38: 5.4
C39: 8 | D39: 1000 | F39: 7.4740265 | H39: 5.7496011 | J39: 1.7766484 | L39: 4.7557054 | N39: 6.9652692 | P39: 6.8 | Q39: 0 | R39: 9.9 | T39: 3.36 | V39: 8.8 | X39: 6.4
C40: 9 | D40: 1000 | F40: 8.5956528 | H40: 9.4087587 | J40: 2.6549929 | L40: 5.8136098 | N40: 8.0105463 | O40: 250 | P40: 7.8 | Q40: 0 | R40: 16.1 | S40: 16.1 | T40: 5.01 | U40: 5.01 | V40: 10.8 | W40: 10.8 | X40: 7.3 | Y40: TW
C41: 10 | D41: 1000 | F41: 9.6984335 | H41: 14.254774 | J41: 3.6953699 | L41: 6.8587214 | N41: 9.0382606 | O41: 250 | P41: 8.8 | Q41: 0 | R41: 24.3 | S41: 24.3 | T41: 6.96 | U41: 6.96 | V41: 12.7 | W41: 12.7 | X41: 8.3
C42: 11 | D42: 1000 | F42: 10.774737 | H42: 20.338105 | J42: 4.8764171 | L42: 7.8788825 | N42: 10.0413 | P42: 9.8 | Q42: 0 | R42: 16.7 | T42: 4.42 | V42: 15 | X42: 9.5 | Y42: M
C43: 12 | D43: 1000 | F43: 11.818953 | H43: 27.65243 | J43: 6.1733475 | L43: 8.8649147 | N43: 11.014437 | P43: 10.7 | Q43: 0 | R43: 22.8 | T43: 5.65 | V43: 17 | X43: 10.4 | Y43: M
C44: 13 | D44: 1000 | F44: 12.827064 | H44: 36.139969 | J44: 7.5598128 | L44: 9.8100161 | N44: 11.953926 | P44: 11.7 | Q44: 0 | R44: 30.1 | T44: 6.98 | V44: 18.9 | X44: 11.3
C45: 14 | D45: 1000 | F45: 13.796317 | H45: 45.702202 | J45: 9.0098494 | L45: 10.709593 | N45: 12.857201 | P45: 12.6 | Q45: 0 | R45: 38.5 | T45: 8.41 | V45: 20.7 | X45: 12.2 | Y45: M
C46: 15 | D46: 1000 | F46: 14.724959 | H46: 56.21239 | J46: 10.499372 | L46: 11.561012 | N46: 13.722631 | P46: 13.4 | Q46: 0 | R46: 47.9 | T46: 9.91 | V46: 22.5 | X46: 13
C47: 16 | D47: 1000 | F47: 15.612037 | H47: 67.525808 | J47: 12.00678 | L47: 12.363103 | N47: 14.549324 | P47: 14.2 | Q47: 0 | R47: 58.3 | T47: 11.46 | V47: 24.2 | X47: 13.8 | Y47: M
C48: 17 | D48: 1000 | F48: 16.457222 | H48: 79.491126 | J48: 13.513653 | L48: 13.115975 | N48: 15.336978 | P48: 15 | Q48: 0 | R48: 69.5 | T48: 13.05 | V48: 25.8 | X48: 14.5
C49: 18 | D49: 1000 | F49: 17.260685 | H49: 91.957333 | J49: 15.004644 | L49: 13.820605 | N49: 16.08575 | P49: 15.8 | Q49: 0 | R49: 81.4 | T49: 14.68 | V49: 27.4 | X49: 15.3 | Y49: M
C50: 19 | D50: 1000 | F50: 18.022981 | H50: 104.78521 | J50: 16.468235 | L50: 14.478972 | N50: 16.796156 | P50: 16.5 | Q50: 0 | R50: 94.1 | T50: 16.31 | V50: 28.9 | X50: 15.9
C51: 20 | D51: 1000 | F51: 18.744965 | H51: 117.76493 | J51: 17.883221 | L51: 15.088187 | N51: 17.468994 | P51: 17.1 | Q51: 0 | R51: 107.2 | T51: 17.95 | V51: 30.3 | X51: 16.6
C52: 21 | D52: 1000 | F52: 19.427715 | H52: 131.05102 | J52: 19.283953 | L52: 15.667952 | N52: 18.10527 | P52: 17.8 | Q52: 0 | R52: 120.8 | T52: 19.6 | V52: 31.7 | X52: 17.2 | Y52: M
C53: 22 | D53: 1000 | F53: 20.072481 | H53: 144.58988 | J53: 20.670233 | L53: 16.221346 | N53: 18.706146 | P53: 18.4 | Q53: 0 | R53: 135.1 | T53: 21.28 | V53: 33 | X53: 17.8
C54: 23 | D54: 1000 | F54: 20.680631 | H54: 158.30463 | J54: 22.038103 | L54: 16.749479 | N54: 19.272899 | P54: 18.9 | Q54: 0 | R54: 149.9 | T54: 22.97 | V54: 34.3 | X54: 18.3
C55: 24 | D55: 1000 | F55: 21.253615 | H55: 172.12439 | J55: 23.384279 | L55: 17.25346 | N55: 19.80688 | P55: 19.5 | Q55: 0 | R55: 165.1 | T55: 24.68 | V55: 35.6 | X55: 18.8
C56: 25 | D56: 1000 | F56: 21.792933 | H56: 185.98488 | J56: 24.706118 | L56: 17.734398 | N56: 20.309487 | P56: 20 | Q56: 0 | R56: 180.7 | T56: 26.4 | V56: 36.9 | X56: 19.3
C57: 26 | D57: 996.71789 | F57: 22.300113 | H57: 199.50157 | J57: 25.959002 | L57: 18.208412 | N57: 20.78271 | P57: 20.4 | Q57: 0 | R57: 196.6 | T57: 28.13 | V57: 38.1 | X57: 19.8
C58: 27 | D58: 990.71762 | F58: 22.776684 | H58: 212.63626 | J58: 27.145387 | L58: 18.676147 | N58: 21.227932 | P58: 20.9 | Q58: 0 | R58: 212.8 | T58: 29.86 | V58: 39.3 | X58: 20.2
C59: 28 | D59: 984.04444 | F59: 23.224167 | H59: 225.53286 | J59: 28.289638 | L59: 19.130245 | N59: 21.646243 | P59: 21.3 | Q59: 0 | R59: 229.2 | T59: 31.58 | V59: 40.4 | X59: 20.6
A60: HighT2 | B60: 20.9 | C60: 0 | D60: 1000 | F60: 0.25 | H60: 0.0064 | J60: 0 | L60: 0 | N60: 0.23298249 | P60: 0.3 | Q60: 0 | R60: 0 | T60: 0 | V60: 0 | X60: 0.2
C61: 1 | D61: 1000 | F61: 0.52965859 | H61: 0.035713333 | J61: 0 | L61: 0 | N61: 0.4936047 | P61: 0.6 | Q61: 0 | R61: 0 | T61: 0 | V61: 0 | X61: 0.6
C62: 2 | D62: 1000 | F62: 1.1103156 | H62: 0.1968786 | J62: 0 | L62: 0 | N62: 1.0347363 | P62: 1.3 | Q62: 0 | R62: 0 | T62: 0 | V62: 0 | X62: 1.2
C63: 3 | D63: 999.81637 | F63: 1.8705868 | H63: 0.5755306 | J63: 0.014327227 | L63: 0.42710549 | N63: 1.7432585 | P63: 2.2 | Q63: 0 | R63: 0.1 | T63: 0.01 | V63: 0.4 | X63: 2
C64: 4 | D64: 999.35746 | F64: 2.7483829 | H64: 1.2433342 | J64: 0.25652081 | L64: 1.807653 | N64: 2.5613139 | P64: 3.2 | Q64: 0 | R64: 0.6 | T64: 0.24 | V64: 1.5 | X64: 3
C65: 5 | D65: 998.89875 | F65: 3.7022361 | H65: 2.264818 | J65: 0.9066052 | L65: 3.3990893 | N65: 3.4502562 | P65: 4.3 | Q65: 0 | R65: 2.2 | T65: 0.89 | V65: 2.8 | X65: 4
C66: 6 | D66: 998.44016 | E66: 550 | F66: 4.7022847 | H66: 5.3130496 | I66: 3.3290455 | J66: 2.0456134 | K66: 1.2817385 | L66: 5.1069894 | M66: 5.4466888 | N66: 4.4277799 | O66: 825 | P66: 5.5 | Q66: 0 | R66: 5.4 | S66: 5.4 | T66: 2.06 | U66: 2.06 | V66: 4.3 | W66: 4.3 | X66: 5.1 | Y66: TW
C67: 7 | D67: 549.74735 | F67: 5.7262946 | H67: 6.4813087 | J67: 2.3146381 | L67: 7.3210635 | N67: 5.3920784 | P67: 6.6 | Q67: 0 | R67: 7.2 | T67: 2.46 | V67: 6.2 | X67: 6.2
C68: 8 | D68: 549.49363 | F68: 6.7574515 | H68: 11.349835 | J68: 3.7225805 | L68: 9.2865611 | N68: 6.3631313 | P68: 7.8 | Q68: 0 | R68: 12.7 | T68: 3.95 | V68: 7.8 | X68: 7.3
C69: 9 | D69: 549.2354 | E69: 250 | F69: 7.782969 | H69: 18.119091 | I69: 9.7757638 | J69: 5.4584671 | K69: 2.9449978 | L69: 11.24787 | M69: 12.245787 | N69: 7.5376069 | P69: 8.9 | Q69: 0 | R69: 20.4 | T69: 5.79 | V69: 9.5 | X69: 8.4
C70: 10 | D70: 250 | F70: 8.7931387 | H70: 14.22034 | J70: 3.9508721 | L70: 14.183737 | N70: 8.5159304 | P70: 10.1 | Q70: 0 | R70: 30.5 | T70: 7.94 | V70: 11.1 | X70: 9.4
C71: 11 | D71: 250 | F71: 9.7806471 | H71: 19.797509 | J71: 5.1008975 | L71: 16.11638 | N71: 9.4723071 | O71: 400 | P71: 11.2 | Q71: 0 | R71: 43.1 | S71: 43.1 | T71: 10.34 | U71: 10.34 | V71: 12.6 | W71: 12.6 | X71: 10.4 | Y71: TW
C72: 12 | D72: 250 | F72: 10.740066 | H72: 26.484322 | J72: 6.3656113 | L72: 18.003803 | N72: 10.40148 | P72: 12.2 | Q72: 0 | R72: 30.9 | T72: 6.88 | V72: 14.8 | X72: 11.6 | Y72: M
C73: 13 | D73: 250 | F73: 11.667461 | H73: 34.249402 | J73: 7.7237183 | L73: 19.831584 | N73: 11.299638 | O73: 340 | P73: 13.3 | Q73: 0 | R73: 40.4 | S73: 40.4 | T73: 8.43 | U73: 8.43 | V73: 16.4 | W73: 16.4 | X73: 12.6
C74: 14 | D74: 250 | F74: 12.560088 | H74: 43.029769 | J74: 9.1542912 | L74: 21.590195 | N74: 12.164125 | P74: 14.2 | Q74: 0 | R74: 44.5 | T74: 8.74 | V74: 18.1 | X74: 13.6 | Y74: M
C75: 15 | D75: 250 | F75: 13.416154 | H75: 52.740029 | J75: 10.63794 | L75: 23.274104 | N75: 12.993203 | P75: 15.2 | Q75: 0 | R75: 55 | T75: 10.24 | V75: 19.6 | X75: 14.5
C76: 16 | D76: 250 | F76: 14.23462 | H76: 63.280612 | J76: 12.157414 | L76: 24.880826 | N76: 13.785866 | P76: 16.1 | Q76: 0 | R76: 66.6 | T76: 11.79 | V76: 21 | X76: 15.4 | Y76: M
C77: 17 | D77: 250 | F77: 15.015049 | H77: 74.546663 | J77: 13.698194 | L77: 26.410453 | N77: 14.541691 | P77: 16.9 | Q77: 0 | R77: 79 | T77: 13.37 | V77: 22.4 | X77: 16.2
C78: 18 | D78: 250 | F78: 15.757479 | H78: 86.427177 | J78: 15.247297 | L78: 27.863818 | N78: 15.260716 | P78: 17.7 | Q78: 0 | R78: 92.1 | T78: 14.97 | V78: 23.7 | X78: 17 | Y78: M
C79: 19 | D79: 250 | F79: 16.462322 | H79: 98.814861 | J79: 16.79427 | L79: 29.243191 | N79: 15.943339 | P79: 18.5 | Q79: 0 | R79: 105.8 | T79: 16.56 | V79: 25 | X79: 17.7
C80: 20 | D80: 250 | F80: 17.13028 | H80: 111.55622 | J80: 18.322239 | L80: 30.544531 | N80: 16.590239 | P80: 19.2 | Q80: 0 | R80: 120 | T80: 18.16 | V80: 26.1 | X80: 18.4
C81: 21 | D81: 249.97264 | F81: 17.762275 | H81: 124.81996 | J81: 19.867294 | L81: 31.80807 | N81: 17.202385 | P81: 19.9 | Q81: 0 | R81: 134.6 | T81: 19.75 | V81: 27.3 | X81: 19 | Y81: M
C82: 22 | D82: 249.68306 | F82: 18.359399 | H82: 138.41921 | J82: 21.405842 | L82: 33.035875 | N82: 17.781503 | P82: 20.5 | Q82: 0 | R82: 149.9 | T82: 21.36 | V82: 28.4 | X82: 19.6
C83: 23 | D83: 249.36269 | F83: 18.92286 | H83: 152.36588 | J83: 22.946427 | L83: 34.225989 | N83: 18.328161 | P83: 21.1 | Q83: 0 | R83: 165.6 | T83: 22.99 | V83: 29.5 | X83: 20.2
C84: 24 | D84: 249.00939 | F84: 19.453954 | H84: 166.59508 | J84: 24.485017 | L84: 35.379895 | N84: 18.843622 | P84: 21.7 | Q84: 0 | R84: 181.7 | T84: 24.62 | V84: 30.5 | X84: 20.7
C85: 25 | D85: 248.62121 | F85: 19.954028 | H85: 181.04518 | J85: 26.018004 | L85: 36.499095 | N85: 19.329202 | P85: 22.2 | Q85: 0 | R85: 198.1 | T85: 26.26 | V85: 31.6 | X85: 21.3
C86: 26 | D86: 248.19645 | F86: 20.424462 | H86: 195.65821 | J86: 27.542193 | L86: 37.585097 | N86: 19.786245 | P86: 22.7 | Q86: 0 | R86: 214.8 | T86: 27.91 | V86: 32.6 | X86: 21.7
C87: 27 | D87: 247.73366 | F87: 20.866642 | H87: 210.38033 | J87: 29.054785 | L87: 38.639413 | N87: 20.216103 | P87: 23.2 | Q87: 0 | R87: 231.6 | T87: 29.54 | V87: 33.6 | X87: 22.2
C88: 28 | D88: 247.23164 | F88: 21.281952 | H88: 225.16205 | J88: 30.553357 | L88: 39.663556 | N88: 20.620122 | P88: 23.6 | Q88: 0 | R88: 248.7 | T88: 31.18 | V88: 34.5 | X88: 22.6
A89: HighT1 | B89: 26.5 | C89: 0 | D89: 1000 | F89: 0.25 | H89: 0.0064 | J89: 0 | L89: 0 | N89: 0.23298249 | P89: 0.3 | Q89: 0 | R89: 0 | T89: 0 | V89: 0 | X89: 0.2
C90: 1 | D90: 1000 | F90: 0.87244052 | H90: 0.056626627 | J90: 0 | L90: 0 | N90: 0.81305345 | P90: 0.7 | Q90: 0 | R90: 0 | T90: 0 | V90: 0 | X90: 0.7
C91: 2 | D91: 999.86228 | F91: 1.9992617 | H91: 0.33272776 | J91: 0.012347279 | L91: 0.39648772 | N91: 1.863174 | P91: 1.6 | Q91: 0 | R91: 0 | T91: 0 | V91: 0 | X91: 1.5
C92: 3 | D92: 999.40334 | F92: 3.3813986 | H92: 0.98116629 | J92: 0.39060647 | L92: 2.230558 | N92: 3.1512422 | P92: 2.7 | Q92: 0 | R92: 0.4 | T92: 0.15 | V92: 1.4 | X92: 2.5
C93: 4 | D93: 998.94459 | F93: 4.9122696 | H93: 4.2685914 | J93: 1.6209303 | L93: 4.544914 | N93: 4.5779312 | P93: 4 | Q93: 0 | R93: 2.2 | T93: 0.9 | V93: 3.3 | X93: 3.7
C94: 5 | D94: 998.48484 | F94: 6.5267853 | H94: 11.694234 | J94: 3.9101269 | L94: 7.0605558 | N94: 6.0825831 | P94: 5.3 | Q94: 0 | R94: 6.5 | T94: 2.49 | V94: 5.5 | X94: 4.9
C95: 6 | D95: 998.00988 | F95: 8.1810187 | H95: 24.928314 | J95: 7.2710015 | L95: 9.6303905 | N95: 7.6242623 | O95: 675 | P95: 6.7 | Q95: 0 | R95: 14.7 | S95: 14.7 | T95: 5.03 | U95: 5.03 | V95: 7.8 | W95: 7.8 | X95: 6.2 | Y95: TW
C96: 7 | D96: 997.45077 | F96: 9.8439646 | H96: 45.143338 | J96: 11.576786 | L96: 12.15521 | N96: 9.1740797 | P96: 8.1 | Q96: 0 | R96: 18.7 | T96: 5.69 | V96: 10.4 | X96: 7.6
C97: 8 | D97: 996.6206 | F97: 11.493278 | H97: 72.606148 | J97: 16.566697 | L97: 14.546792 | N97: 10.711231 | P97: 9.5 | Q97: 0 | R97: 31.6 | T97: 8.6 | V97: 12.7 | X97: 8.9
C98: 9 | D98: 995.18531 | F98: 13.112749 | H98: 106.60294 | J98: 21.906044 | L98: 16.739566 | N98: 12.220654 | P98: 10.8 | Q98: 0 | R98: 48.7 | T98: 11.97 | V98: 15 | X98: 10.1
C99: 10 | D99: 992.71096 | E99: 270 | F99: 14.690664 | H99: 145.68065 | I99: 52.490651 | J99: 27.263341 | K99: 9.8233399 | L99: 18.697878 | M99: 21.520973 | N99: 14.184182 | P99: 12.2 | Q99: 0 | R99: 69.9 | T99: 15.67 | V99: 17.2 | X99: 11.4
C100: 11 | D100: 270 | F100: 16.21869 | H100: 68.824314 | J100: 11.847277 | L100: 23.634237 | N100: 15.659527 | P100: 13.5 | Q100: 0 | R100: 94.8 | T100: 19.55 | V100: 19.2 | X100: 12.6
...

Sheet yield_tables_R
B1: A1808 | D1: A1809 | F1: A1810 | H1: A1811 | J1: A1835 | L1: A1838 | N1: A1841 | P1: A1862 | R1: A1863 | T1: A1864 | V1: A1868 | X1: A1870 | Z1: A2027 | AB1: A2028 | AD1: A2037 | AF1: A2056 | AH1: A2064 | AJ1: A2075 | AL1: A2088 | AN1: A2269 | AP1: A2282 | AR1: A2406 | AT1: A2408 | AV1: A2409 | AX1: A2410 | AZ1: A2411 | BB1: A2412 | BD1: A2413 | BF1: A2414 | BH1: A2415 | BJ1: A2416 | BL1: A2417 | BN1: A2418 | BP1: A2419 | BR1: A2420 | BT1: A2549 | BV1: A2550 | BX1: A2552 | BZ1: A2554 | CB1: A2560 | CD1: A2561 | CF1: A2563 | CH1: A2564 | CJ1: A2565 | CL1: A2567 | CN1: A2568 | CP1: A2569 | CR1: A2570 | CT1: A2571 | CV1: A2572
A2: Row Labels | B2: VB | C2: R | D2: VB | E2: R | F2: VB | G2: R | H2: VB | I2: R | J2: VB | K2: R | L2: VB | M2: R | N2: VB | O2: R | P2: VB | Q2: R | R2: VB | S2: R | T2: VB | U2: R | V2: VB | W2: R | X2: VB | Y2: R | Z2: VB | AA2: R | AB2: VB | AC2: R | AD2: VB | AE2: R | AF2: VB | AG2: R | AH2: VB | AI2: R | AJ2: VB | AK2: R | AL2: VB | AM2: R | AN2: VB | AO2: R | AP2: VB | AQ2: R | AR2: VB | AS2: R | AT2: VB | AU2: R | AV2: VB | AW2: R | AX2: VB | AY2: R | AZ2: VB | BA2: R | BB2: VB | BC2: R | BD2: VB | BE2: R | BF2: VB | BG2: R | BH2: VB | BI2: R | BJ2: VB | BK2: R | BL2: VB | BM2: R | BN2: VB | BO2: R | BP2: VB | BQ2: R | BR2: VB | BS2: R | BT2: VB | BU2: R | BV2: VB | BW2: R | BX2: VB | BY2: R | BZ2: VB | CA2: R | CB2: VB | CC2: R | CD2: VB | CE2: R | CF2: VB | CG2: R | CH2: VB | CI2: R | CJ2: VB | CK2: R | CL2: VB | CM2: R | CN2: VB | CO2: R | CP2: VB | CQ2: R | CR2: VB | CS2: R | CT2: VB | CU2: R | CV2: VB | CW2: R
A3: =Sheet2!A6 -> 0 | B3: =Sheet2!B6 -> 310 | C3: =Sheet2!C6 -> 310 | D3: =Sheet2!D6 -> 925 | E3: =Sheet2!E6 -> 925 | F3: =Sheet2!F6 -> 1400 | G3: =Sheet2!G6 -> 1400 | H3: =Sheet2!H6 -> 1050 | ... CW3: =Sheet2!CW6 -> 260
A4: =Sheet2!A7 -> 1 | B4: =Sheet2!B7 -> 310 | C4: =Sheet2!C7 -> 310 | D4: =Sheet2!D7 -> 925 | E4: =Sheet2!E7 -> 925 | F4: =Sheet2!F7 -> 1400 | G4: =Sheet2!G7 -> 1400 | H4: =Sheet2!H7 -> 1050 | ... CW4: =Sheet2!CW7 -> 260
A5: =Sheet2!A8 -> 2 | B5: =Sheet2!B8 -> 310 | C5: =Sheet2!C8 -> 310 | D5: =Sheet2!D8 -> 925 | E5: =Sheet2!E8 -> 925 | F5: =Sheet2!F8 -> 1400 | G5: =Sheet2!G8 -> 1400 | H5: =Sheet2!H8 -> 1050 | ... CW5: =Sheet2!CW8 -> 260
A6: =Sheet2!A9 -> 3 | B6: =Sheet2!B9 -> 310 | C6: =Sheet2!C9 -> 310 | D6: =Sheet2!D9 -> 924.8 | E6: =Sheet2!E9 -> 925 | F6: =Sheet2!F9 -> 1399.6 | G6: =Sheet2!G9 -> 1400 | H6: =Sheet2!H9 -> 1049.5 | ... CW6: =Sheet2!CW9 -> 259.9
A7: =Sheet2!A10 -> 4 | B7: =Sheet2!B10 -> 310 | C7: =Sheet2!C10 -> 309.9 | D7: =Sheet2!D10 -> 924.4 | E7: =Sheet2!E10 -> 924.6 | F7: =Sheet2!F10 -> 1399 | G7: =Sheet2!G10 -> 1399.4 | H7: =Sheet2!H10 -> 1049 | ... CW7: =Sheet2!CW10 -> 259.8
A8: =Sheet2!A11 -> 5 | B8: =Sheet2!B11 -> 310 | C8: =Sheet2!C11 -> 309.7 | D8: =Sheet2!D11 -> 924 | E8: =Sheet2!E11 -> 924.2 | F8: =Sheet2!F11 -> 1398.3 | G8: =Sheet2!G11 -> 1398.7 | H8: =Sheet2!H11 -> 1048.5 | ... CW8: =Sheet2!CW11 -> 259.6
A9: =Sheet2!A12 -> 6 | B9: =Sheet2!B12 -> 310 | C9: =Sheet2!C12 -> 309.6 | D9: =Sheet2!D12 -> 923.5 | E9: =Sheet2!E12 -> 923.7 | F9: =Sheet2!F12 -> 1397.7 | G9: =Sheet2!G12 -> 1398.1 | H9: =Sheet2!H12 -> 1048 | ... CW9: =Sheet2!CW12 -> 259.5
A10: =Sheet2!A13 -> 7 | B10: =Sheet2!B13 -> 310 | C10: =Sheet2!C13 -> 309.4 | D10: =Sheet2!D13 -> 549.7 | E10: =Sheet2!E13 -> 550 | F10: =Sheet2!F13 -> 824.6 | G10: =Sheet2!G13 -> 825 | H10: =Sheet2!H13 -> 675 | ... CW10: =Sheet2!CW13 -> 259.4
A11: =Sheet2!A14 -> 8 | B11: =Sheet2!B14 -> 310 | C11: =Sheet2!C14 -> 309.3 | D11: =Sheet2!D14 -> 549.5 | E11: =Sheet2!E14 -> 549.7 | F11: =Sheet2!F14 -> 824.2 | G11: =Sheet2!G14 -> 824.6 | H11: =Sheet2!H14 -> 675 | ... CW11: =Sheet2!CW14 -> 259.3
A12: =Sheet2!A15 -> 9 | B12: =Sheet2!B15 -> 310 | C12: =Sheet2!C15 -> 309.1 | D12: =Sheet2!D15 -> 549.2 | E12: =Sheet2!E15 -> 549.5 | F12: =Sheet2!F15 -> 823.8 | G12: =Sheet2!G15 -> 824.2 | H12: =Sheet2!H15 -> 675 | ... CW12: =Sheet2!CW15 -> 259.2
A13: =Sheet2!A16 -> 10 | B13: =Sheet2!B16 -> 310 | C13: =Sheet2!C16 -> 309 | D13: =Sheet2!D16 -> 250 | E13: =Sheet2!E16 -> 549.2 | F13: =Sheet2!F16 -> 823.4 | G13: =Sheet2!G16 -> 823.8 | H13: =Sheet2!H16 -> 674.7 | ... CW13: =Sheet2!CW16 -> 259
A14: =Sheet2!A17 -> 11 | B14: =Sheet2!B17 -> 310 | C14: =Sheet2!C17 -> 308.9 | D14: =Sheet2!D17 -> 250 | E14: =Sheet2!E17 -> 250 | F14: =Sheet2!F17 -> 822.9 | G14: =Sheet2!G17 -> 823.4 | H14: =Sheet2!H17 -> 673.8 | ... CW14: =Sheet2!CW17 -> 258.9
... A31: =Sheet2!A34 -> 28 | B31: =Sheet2!B34 -> 308 | C31: =Sheet2!C34 -> 302.7 | D31: =Sheet2!D34 -> 247.2 | E31: =Sheet2!E34 -> 245.8 | F31: =Sheet2!F34 -> 337.3 | G31: =Sheet2!G34 -> 332.5 | H31: =Sheet2!H34 -> 568.8 | ... CW31: =Sheet2!CW34 -> 251.9

Sheet Sheet1
A1: Plot | B1: Age | C1: Stocking b4 thin VBA | D1: Stocking aft thin VBA | E1: Age | F1: Stocking b4 thin | G1: Stocking aft thin
A2: LowUC | B2: 0 | C2: 310 | E2: 0 | F2: 310
A3: LowUC | B3: 1 | C3: 310 | E3: 1 | F3: 310
A4: LowUC | B4: 2 | C4: 310 | E4: 2 | F4: 310
A5: LowUC | B5: 3 | C5: 310 | E5: 3 | F5: 310
A6: LowUC | B6: 4 | C6: 310 | E6: 4 | F6: 310
A7: LowUC | B7: 5 | C7: 310 | E7: 5 | F7: 310
A8: LowUC | B8: 6 | C8: 310 | E8: 6 | F8: 310
A9: LowUC | B9: 7 | C9: 310 | E9: 7 | F9: 310
A10: LowUC | B10: 8 | C10: 310 | E10: 8 | F10: 310
A11: LowUC | B11: 9 | C11: 310 | E11: 9 | F11: 310
A12: LowUC | B12: 10 | C12: 310 | E12: 10 | F12: 310
A13: LowUC | B13: 11 | C13: 310 | E13: 11 | F13: 310
... A65: HighT2 | B65: 5 | C65: 998.89875 | E65: 5 | F65: 999.08221
A66: HighT2 | B66: 6 | C66: 998.44016 | D66: 550 | E66: 6 | F66: 999.08221 | G66: 550
A67: HighT2 | B67: 7 | C67: 549.74735 | E67: 7 | F67: 550
A68: HighT2 | B68: 8 | C68: 549.49363 | E68: 8 | F68: 549.74724
A69: HighT2 | B69: 9 | C69: 549.2354 | D69: 250 | E69: 9 | F69: 549.49296
A70: HighT2 | B70: 10 | C70: 250 | E70: 10 | F70: 549.49296 | G70: 250
A71: HighT2 | B71: 11 | C71: 250 | E71: 11 | F71: 250
A72: HighT2 | B72: 12 | C72: 250 | E72: 12 | F72: 250
A73: HighT2 | B73: 13 | C73: 250 | E73: 13 | F73: 250
A74: HighT2 | B74: 14 | C74: 250 | E74: 14 | F74: 250
A75: HighT2 | B75: 15 | C75: 250 | E75: 15 | F75: 250
A76: HighT2 | B76: 16 | C76: 250 | E76: 16 | F76: 250
A77: HighT2 | B77: 17 | C77: 250 | E77: 17 | F77: 250
A78: HighT2 | B78: 18 | C78: 250 | E78: 18 | F78: 250
A79: HighT2 | B79: 19 | C79: 250 | E79: 19 | F79: 250
A80: HighT2 | B80: 20 | C80: 250 | E80: 20 | F80: 250
A81: HighT2 | B81: 21 | C81: 249.97264 | E81: 21 | F81: 250
A82: HighT2 | B82: 22 | C82: 249.68306 | E82: 22 | F82: 250
... A98: HighT1 | B98: 9 | C98: 995.18531 | E98: 9 | F98: 995.80313
A99: HighT1 | B99: 10 | C99: 992.71096 | D99: 270 | E99: 10 | F99: 993.73585
A100: HighT1 | B100: 11 | C100: 270 | E100: 11 | F100: 993.73585 | G100: 270
A101: HighT1 | B101: 12 | C101: 270 | E101: 12 | F101: 270
A102: HighT1 | B102: 13 | C102: 270 | E102: 13 | F102: 270
A103: HighT1 | B103: 14 | C103: 270 | E103: 14 | F103: 270
A104: HighT1 | B104: 15 | C104: 270 | E104: 15 | F104: 270
A105: HighT1 | B105: 16 | C105: 270 | E105: 16 | F105: 270
A106: HighT1 | B106: 17 | C106: 270 | E106: 17 | F106: 270
A107: HighT1 | B107: 18 | C107: 270 | E107: 18 | F107: 270
A108: HighT1 | B108: 19 | C108: 270 | E108: 19 | F108: 270
A109: HighT1 | B109: 20 | C109: 270 | E109: 20 | F109: 270
A110: HighT1 | B110: 21 | C110: 270 | E110: 21 | F110: 270
A111: HighT1 | B111: 22 | C111: 270 | E111: 22 | F111: 270
A112: HighT1 | B112: 23 | C112: 270 | E112: 23 | F112: 270
... A181: HighShortT2 | B181: 5 | C181: 998.89875 | E181: 5 | F181: 549.49522
A182: HighShortT2 | B182: 6 | C182: 998.44016 | D182: 550 | E182: 6 | F182: 549.243
A183: HighShortT2 | B183: 7 | C183: 549.74735 | E183: 7 | F183: 548.99087
A184: HighShortT2 | B184: 8 | C184: 549.49363 | E184: 8 | F184: 548.73858
A185: HighShortT2 | B185: 9 | C185: 549.2354 | D185: 250 | E185: 9 | F185: 548.48477
A186: HighShortT2 | B186: 10 | C186: 250 | E186: 10 | F186: 548.48477 | G186: 250
A187: HighShortT2 | B187: 11 | C187: 250 | E187: 11 | F187: 250
A188: HighShortT2 | B188: 12 | C188: 250 | E188: 12 | F188: 250
A189: HighShortT2 | B189: 13 | C189: 250 | E189: 13 | F189: 250
A190: HighShortT2 | B190: 14 | C190: 250 | E190: 14 | F190: 250
A191: HighShortT2 | B191: 15 | C191: 250 | E191: 15 | F191: 250
A192: HighShortT2 | B192: 16 | C192: 250 | E192: 16 | F192: 250
A193: HighShortT2 | B193: 17 | C193: 250 | E193: 17 | F193: 250
A194: HighShortT2 | B194: 18 | C194: 250 | E194: 18 | F194: 250
A195: HighShortT2 | B195: 19 | C195: 250 | E195: 19 | F195: 250
A196: HighShortT2 | B196: 20 | C196: 250 | E196: 20 | F196: 250
A197: HighShortT2 | B197: 21 | C197: 249.97264 | E197: 21 | F197: 250
A198: HighShortT2 | B198: 22 | C198: 249.68306 | E198: 22 | F198: 250
... A214: HighShortT1 | B214: 9 | C214: 995.18531 | E214: 9 | F214: 995.80313
A215: HighShortT1 | B215: 10 | C215: 992.71096 | D215: 270 | E215: 10 | F215: 993.73585
A216: HighShortT1 | B216: 11 | C216: 270 | E216: 11 | F216: 993.73585 | G216: 270
A217: HighShortT1 | B217: 12 | C217: 270 | E217: 12 | F217: 270
A218: HighShortT1 | B218: 13 | C218: 270 | E218: 13 | F218: 270
A219: HighShortT1 | B219: 14 | C219: 270 | E219: 14 | F219: 270
A220: HighShortT1 | B220: 15 | C220: 270 | E220: 15 | F220: 270
A221: HighShortT1 | B221: 16 | C221: 270 | E221: 16 | F221: 270
A222: HighShortT1 | B222: 17 | C222: 270 | E222: 17 | F222: 270
A223: HighShortT1 | B223: 18 | C223: 270 | E223: 18 | F223: 270
A224: HighShortT1 | B224: 19 | C224: 270 | E224: 19 | F224: 270
A225: HighShortT1 | B225: 20 | C225: 270 | E225: 20 | F225: 270
A226: HighShortT1 | B226: 21 | C226: 270 | E226: 21 | F226: 270
A227: HighShortT1 | B227: 22 | C227: 270 | E227: 22 | F227: 270
A228: HighShortT1 | B228: 23 | C228: 270 | E228: 23 | F228: 270
... A233: HighShortT1 | B233: 28 | C233: 268.19874 | E233: 28 | F233: 270

Sheet Sheet3
A1: A1809 | F1: Plot | G1: Age | H1: Stocking b4 thin_VBA | I1: Stocking aft thin_VBA | J1: Stocking b4 thin_R | K1: Stocking aft thin_R
A2: A1809 | F2: A1809 | G2: 0 | H2: 925 | J2: 925
A3: A1810 | F3: A1809 | G3: 1 | H3: 925 | J3: 925
A4: A1810 | F4: A1809 | G4: 2 | H4: 925 | J4: 925
A5: A1811 | F5: A1809 | G5: 3 | H5: 924.8 | J5: 925
A6: A1835 | F6: A1809 | G6: 4 | H6: 924.4 | J6: 924.6
A7: A1838 | F7: A1809 | G7: 5 | H7: 924 | J7: 924.2
A8: A1841 | F8: A1809 | G8: 6 | H8: 923.5 | I8: 550 | J8: 923.7 | K8: 550
A9: A2027 | F9: A1809 | G9: 7 | H9: 549.7 | J9: 550
A10: A2028 | F10: A1809 | G10: 8 | H10: 549.5 | J10: 549.7
A11: A2037 | F11: A1809 | G11: 9 | H11: 549.2 | I11: 250 | J11: 549.5 | K11: 250
A12: A2269 | F12: A1809 | G12: 10 | H12: 250 | J12: 549.2 | K12: 250 | L12: ?
A13: A2269 | F13: A1809 | G13: 11 | H13: 250 | J13: 250
A14: A2282 | F14: A1809 | G14: 12 | H14: 250 | J14: 249.9
F15: A1809 | G15: 13 | H15: 250 | J15: 249.8
F16: A1809 | G16: 14 | H16: 250 | J16: 249.6
F17: A1809 | G17: 15 | H17: 250 | J17: 249.5
F18: A1809 | G18: 16 | H18: 250 | J18: 249.4
F19: A1809 | G19: 17 | H19: 250 | J19: 249.2
F20: A1809 | G20: 18 | H20: 250 | J20: 249
F21: A1809 | G21: 19 | H21: 250 | J21: 248.9
F22: A1809 | G22: 20 | H22: 250 | J22: 248.6
F23: A1809 | G23: 21 | H23: 250 | J23: 248.4
F24: A1809 | G24: 22 | H24: 249.7 | J24: 248.1
F25: A1809 | G25: 23 | H25: 249.4 | J25: 247.9
F26: A1809 | G26: 24 | H26: 249 | J26: 247.5
... F36: A1810 | G36: 5 | H36: 1398.3 | J36: 1398.7
F37: A1810 | G37: 6 | H37: 1397.7 | I37: 825 | J37: 1398.1 | K37: 825
F38: A1810 | G38: 7 | H38: 824.6 | J38: 825
F39: A1810 | G39: 8 | H39: 824.2 | J39: 824.6
F40: A1810 | G40: 9 | H40: 823.8 | J40: 824.2
F41: A1810 | G41: 10 | H41: 823.4 | J41: 823.8
F42: A1810 | G42: 11 | H42: 822.9 | I42: 400 | J42: 823.4 | K42: 400
F43: A1810 | G43: 12 | H43: 395.5 | J43: 400
F44: A1810 | G44: 13 | H44: 391.1 | J44: 399.8 | K44: 340 | L44: ?
F45: A1810 | G45: 14 | H45: 386.7 | J45: 340
F46: A1810 | G46: 15 | H46: 382.3 | J46: 339.8
F47: A1810 | G47: 16 | H47: 378.1 | J47: 339.6
F48: A1810 | G48: 17 | H48: 373.8 | J48: 339.3
F49: A1810 | G49: 18 | H49: 369.6 | J49: 339
F50: A1810 | G50: 19 | H50: 365.5 | J50: 338.7
F51: A1810 | G51: 20 | H51: 361.4 | J51: 338.3
F52: A1810 | G52: 21 | H52: 357.3 | J52: 337.9
F53: A1810 | G53: 22 | H53: 353.3 | J53: 337.4
F54: A1810 | G54: 23 | H54: 349.3 | J54: 336.8
F55: A1810 | G55: 24 | H55: 345.4 | J55: 336.1
F56: A1810 | G56: 25 | H56: 341.5 | J56: 335.4
... F65: A1811 | G65: 5 | H65: 1048.5 | J65: 1048.6
F66: A1811 | G66: 6 | H66: 1048 | I66: 675 | J66: 1048.1 | K66: 675
F67: A1811 | G67: 7 | H67: 675 | J67: 675
F68: A1811 | G68: 8 | H68: 675 | J68: 674.7
F69: A1811 | G69: 9 | H69: 675 | J69: 674.3
F70: A1811 | G70: 10 | H70: 674.7 | J70: 673.9
F71: A1811 | G71: 11 | H71: 673.8 | J71: 673.2
F72: A1811 | G72: 12 | H72: 672.5 | J72: 672.3
F73: A1811 | G73: 13 | H73: 670.7 | J73: 671
F74: A1811 | G74: 14 | H74: 668.2 | J74: 669.1
F75: A1811 | G75: 15 | H75: 665.2 | J75: 666.7
F76: A1811 | G76: 16 | H76: 661.4 | J76: 663.6
F77: A1811 | G77: 17 | H77: 656.9 | J77: 659.8
F78: A1811 | G78: 18 | H78: 651.7 | J78: 655.2
... F97: A1835 | G97: 8 | H97: 673 | J97: 673.1
F98: A1835 | G98: 9 | H98: 672.5 | I98: 300 | J98: 672.7 | K98: 300
F99: A1835 | G99: 10 | H99: 293.9 | J99: 300
F100: A1835 | G100: 11 | H100: 287.9 | J100: 299.8 | K100: 230 | L100: ?
F101: A1835 | G101: 12 | H101: 282 | J101: 230
F102: A1835 | G102: 13 | H102: 276.3 | J102: 229.9
F103: A1835 | G103: 14 | H103: 270.6 | J103: 229.7
F104: A1835 | G104: 15 | H104: 265.1 | J104: 229.5
F105: A1835 | G105: 16 | H105: 259.7 | J105: 229.3
F106: A1835 | G106: 17 | H106: 254.4 | J106: 229.1
F107: A1835 | G107: 18 | H107: 249.2 | J107: 228.9
F108: A1835 | G108: 19 | H108: 244.2 | J108: 228.6
F109: A1835 | G109: 20 | H109: 239.2 | J109: 228.3
F110: A1835 | G110: 21 | H110: 234.3 | J110: 227.9
F111: A1835 | G111: 22 | H111: 230 | J111: 227.5
F112: A1835 | G112: 23 | H112: 229.5 | J112: 227.1
... F127: A1838 | G127: 9 | H127: 920.7 | J127: 921.3
F128: A1838 | G128: 10 | H128: 918.7 | I128: 270 | J128: 919.6 | K128: 270
F129: A1838 | G129: 11 | H129: 270 | J129: 916.9 | K129: 270 | L129: ?
F130: A1838 | G130: 12 | H130: 270 | J130: 270
F131: A1838 | G131: 13 | H131: 270 | J131: 269.8
F132: A1838 | G132: 14 | H132: 270 | J132: 269.6
F133: A1838 | G133: 15 | H133: 270 | J133: 269.3
F134: A1838 | G134: 16 | H134: 270 | J134: 269
F135: A1838 | G135: 17 | H135: 270 | J135: 268.6
F136: A1838 | G136: 18 | H136: 270 | J136: 268.1
F137: A1838 | G137: 19 | H137: 270 | J137: 267.6
F138: A1838 | G138: 20 | H138: 270 | J138: 267.1
F139: A1838 | G139: 21 | H139: 270 | J139: 266.4
F140: A1838 | G140: 22 | H140: 270 | J140: 265.7
F141: A1838 | G141: 23 | H141: 270 | J141: 265
... F158: A1841 | G158: 11 | H158: 645.9 | J158: 646.3
F159: A1841 | G159: 12 | H159: 644.5 | I159: 250 | J159: 645.1 | K159: 250
F160: A1841 | G160: 13 | H160: 250 | J160: 250
F161: A1841 | G161: 14 | H161: 250 | J161: 249.8
F162: A1841 | G162: 15 | H162: 250 | J162: 249.6
F163: A1841 | G163: 16 | H163: 250 | J163: 249.3
F164: A1841 | G164: 17 | H164: 250 | J164: 249.1
F165: A1841 | G165: 18 | H165: 250 | J165: 248.7
...
